0,This has Trump in it,Right down there,Date,https://www.sportschannel8.com/wp-content/uploads/2016/06/maxresdefault-1024x576.jpg,Vote,Rate,Answer
1,Title,Content,Date,ImgLink,Vote,Rate,Answer
2,What is the hex of blue?,Content,Date,ImgLink,Vote,Rate,Answer
3,What is the title of this question?,Can u te me what is the title of .this question?,date,imglink,vote,rate,answer
4,just adding more to go on,wasd,date,imglink,vote,rate,answer
5,One more question,Without any answer,date,imglink,vote,rate,answer
6,This is also a question,I think,date,imglink,vote,rate,answer
7,More questions please,We need moar,date,imglink,vote,rate,answer
8,A is better than b ,meh,date,imglink,vote,rate,answer
9,Need more ,Add more,date,imglink,vote,rate,answer
10,Add a new question,Anoterh,date,imglink,vote,rate,answer